Ticker,Headline,Sentiment,Score
AAPL,Jim Cramer Questions Apple Inc. (AAPL) Tariff Relief: ‘Nothing Means Anything Anymore’ - Yahoo Finance,neutral,0
AAPL,Apple: Earnings Could Deliver A Big Upset As International Business Tumbles (NASDAQ:AAPL) - Seeking Alpha,negative,-1
AAPL,Apple Is Going Head-to-Head With Elon Musk’s SpaceX. Should You Buy or Sell AAPL Stock as the Battle Rages On? - Barchart.com,neutral,0
AAPL,Is Apple Inc. (AAPL) the Best Stock to Buy and Hold for 20 Years? - Yahoo Finance,neutral,0
AAPL,AAPL Quantitative Stock Analysis - Nasdaq,neutral,0
AAPL,Apple Earnings in Focus! Can AAPL Stock Withstand the Tariff Storm? - TipRanks,neutral,0
AAPL,Apple Inc. (AAPL) Stock: Inside the Race to Shift iPhone Production from China to India - CoinCentral,neutral,0
AAPL,INVESTIGATION ALERT (NASDAQ: AAPL): DiCello Levitt LLP Is - GlobeNewswire,neutral,0
AAPL,Apple (AAPL) Stock Moves -1.94%: What You Should Know - Nasdaq,neutral,0
AAPL,Apple (AAPL) Target Slashed to $141: ‘No Easy Answers’ as Trade Tensions and AI Lag Take Toll - Yahoo Finance,negative,-1
AAPL,Apple Stock (NASDAQ:AAPL) Notches Up Despite Price Target Cuts - TipRanks,positive,1
AAPL,Apple Inc. (AAPL): Among Stocks That Could 10X Over the Next 2 Years - Yahoo Finance,neutral,0
AAPL,Apple (AAPL) Stock Moves -1.94%: What You Should Know - Yahoo Finance,neutral,0
AAPL,"Apple (AAPL) Stock Trades Up, Here Is Why - Yahoo Finance",neutral,0
AAPL,"Analyst Explains Threats to Apple (AAPL), Says It ‘Fumbled’ AI Launch - Yahoo Finance",neutral,0
AAPL,"AAPL May Have More Problems Ahead, Expert Warns - Yahoo Finance",negative,-1
AAPL,Sell Signal on AAPL! Analyst Warns of an Alarming 30% Drop in Apple Stock - TipRanks,negative,-1
AAPL,"AAPL Stock Faces Analyst Downgrades On Looming Tariffs, Supply Chain Pressures: 'A Lose-Lose Choice' - Benzinga",negative,-1
AAPL,"AAPL, NVDA, TSLA: China Denies It Has Entered Trade Talks with U.S. - The Globe and Mail",neutral,0
AAPL,"5 stocks to watch on Wednesday: AAPL, META, BA, T and PM (BA:NYSE) - Seeking Alpha",neutral,0
AAPL,Is Apple Inc. (AAPL) the Best Fundamental Stock to Buy According to Billionaires? - Yahoo Finance,neutral,0
AAPL,Apple (AAPL) Reports Next Week: Wall Street Expects Earnings Growth - Nasdaq,positive,1
AAPL,Apple (NasdaqGS:AAPL) Enables Seamless Philz Coffee Orders With App Clips Integration - Yahoo Finance,neutral,0
AAPL,Why Apple (AAPL) Stock Is Up Today - Yahoo Finance,neutral,0
AAPL,Why Apple (AAPL) Stock Is Trading Lower Today - Yahoo Finance,negative,-1
AAPL,Apple FQ2 Preview: Buy And Forget At $200 (AAPL) - Seeking Alpha,neutral,0
AAPL,Apple (AAPL) Faces 28% EPS Hit Amid Tariff Fears Despite AI Rollout - Yahoo Finance,negative,-1
AAPL,Apple (AAPL) Stock: Trade War Concerns Impact iPhone Manufacturer - CoinCentral,negative,-1
AAPL,Apple Stock: The Bottom Is Yet To Come (NASDAQ:AAPL) - Seeking Alpha,neutral,0
AAPL,How Stock Options Traders See Apple’s (AAPL) Death Cross - Yahoo Finance,neutral,0
AAPL,"Apple (AAPL) Stock Trades Down, Here Is Why - Yahoo Finance",negative,-1
AAPL,"Apple’s (AAPL) Outlook Is Positive, Goldman Executive Says - Yahoo Finance",positive,1
AAPL,Apple's Next Chapter: Why Services And AI Could Drive The Stock Higher (NASDAQ:AAPL) - Seeking Alpha,neutral,0
AAPL,Ultimate Insider Marjorie Taylor Greene’s Top Stock Picks: Apple Inc. (AAPL) - Insider Monkey,neutral,0
AAPL,Why Buying The Dip on Apple Stock (AAPL) is a Bad Idea - TipRanks,negative,-1
AAPL,(AAPL) Strategic Investment Report (AAPL:CA) - news.stocktradersdaily.com,neutral,0
AAPL,Apple (AAPL) Sees Strong Consumer Interest and Upgrade Intentions | AAPL Stock News - GuruFocus,positive,1
AAPL,Is Apple Inc. (AAPL) the Best Metaverse Stock to Invest in? - Yahoo Finance,neutral,0
AAPL,Trump’s Cuts Tariffs on Phones: How Much Could Apple (Nasdaq: AAPL) Stock Soar On Monday? - AOL.com,neutral,0
AAPL,Apple (AAPL) Laps the Stock Market: Here's Why - Nasdaq,neutral,0
AAPL,Analysts Keeping the Faith on Apple Stock (AAPL) Despite Tariff Turmoil - TipRanks,neutral,0
AAPL,Apple Stock (AAPL) Wins Jefferies Upgrade on Hopes of Tariff Exemption - TipRanks,positive,1
AAPL,Trump's Cuts Tariffs on Phones: How Much Could Apple (Nasdaq: AAPL) Stock Soar On Monday? - 24/7 Wall St.,neutral,0
AAPL,Apple Stock (AAPL) Sinks after BofA Cuts Price Target amid New Tariffs - TipRanks,negative,-1
AAPL,Jim Cramer Warns Apple (AAPL) Is ‘Caught in the Crossfire’ of U.S.-China Tariff War - Yahoo Finance,negative,-1
AAPL,Apple (AAPL) Gets a Pass on Tariffs – $500 Billion U.S. Investment Could Be Its Saving Grace - Yahoo Finance,neutral,0
AAPL,Is Apple Inc. (AAPL) The Best American Tech Stock to Buy Now? - Yahoo Finance,neutral,0
AAPL,Is Apple Inc. (AAPL) The Mega Cap Stock Gaining Bullish Momentum This Week? - Yahoo Finance,neutral,0
AAPL,3 Reasons To Avoid Apple Stock (NASDAQ:AAPL) - Seeking Alpha,neutral,0
AAPL,Is Apple Inc. (NASDAQ:AAPL) the Best NASDAQ Stock to Buy So Far in 2025? - Yahoo Finance,neutral,0
AAPL,Is Apple Inc. (NASDAQ:AAPL) a NASDAQ Stock with the Highest Upside Potential? - Yahoo Finance,neutral,0
AAPL,"‘Earnings Could Drop by 28%,’ Says Needham about Apple Stock (AAPL) - markets.businessinsider.com",negative,-1
AAPL,Trump Tariffs Chomp AAPL Stock to Its Core - TipRanks,neutral,0
AAPL,Why Apple Inc. (AAPL) Is One of the Best Blue Chip Stocks to Buy According to Billionaires - Yahoo Finance,neutral,0
AAPL,Jim Cramer on Apple (AAPL): “What is the Most Hurt Stock? Apple. Are Those Just Fools Buying It?” - Yahoo Finance,neutral,0
AAPL,"Jim Cramer On Apple Inc. (AAPL): “Own Apple, Don’t Trade It!” - Yahoo Finance",neutral,0
AAPL,Analysts Slash Apple Stock (AAPL) Forecasts as Tariff Fears Mount - TipRanks,negative,-1
AAPL,Is Apple Inc. (AAPL) the Best Kid-Friendly Stock to Buy According to Billionaires? - Yahoo Finance,neutral,0
ADI,Analog Devices (ADI) Stock Moves -0.71%: What You Should Know - Yahoo Finance,neutral,0
ADI,Analog Devices (NasdaqGS:ADI) Establishes US$3 Billion Credit Facility - simplywall.st,positive,1
ADI,Analog Devices (ADI) Price Target Slashed by Barclays to $170 | ADI Stock News - GuruFocus,negative,-1
ADI,Is ADI Stock Still Worth Holding Despite Falling 8% in a Month? - Yahoo Finance,negative,-1
ADI,New Analyst Forecast: $ADI Given $214.0 Price Target - Nasdaq,neutral,0
ADI,Analog Devices' (NASDAQ:ADI) investors will be pleased with their favorable 77% return over the last five years - simplywall.st,positive,1
ADI,Analog Devices (ADI) Stock Jumps 4.1%: Will It Continue to Soar? - Yahoo Finance,positive,1
ADI,Morgan Stanley Adjusts Price Target for Analog Devices (ADI) Amidst Market Challenges | ADI Stock News - GuruFocus,neutral,0
ADI,"Analog Devices, Inc.'s (NASDAQ:ADI) Stock Retreats 26% But Earnings Haven't Escaped The Attention Of Investors - simplywall.st",negative,-1
ADI,Insider Sale: Director at $ADI Sells 159 Shares - Nasdaq,neutral,0
ADI,Analog Devices (ADI) Outpaces Stock Market Gains: What You Should Know - Yahoo Finance,neutral,0
ADI,Analog Devices (ADI): A Top Pick For The Best Retirement Portfolio - Yahoo Finance,positive,1
ADI,Analog Devices (ADI) Outpaces Stock Market Gains: What You Should Know - Nasdaq,neutral,0
ADI,Analog Semiconductors Stocks Q4 Highlights: Analog Devices (NASDAQ:ADI) - Yahoo Finance,neutral,0
ADI,Analog Devices (NasdaqGS:ADI) Expands Developer Offerings Despite 13% Stock Dip Last Week - Yahoo Finance,positive,1
ADI,"Analog Devices, Texas Instruments are Citi's top chip stocks ahead of potential downturn (ADI:NASDAQ) - Seeking Alpha",neutral,0
ADI,Analog Devices (ADI) Target Price Reduced Amid Tariff Concerns | ADI Stock News - GuruFocus,negative,-1
ADI,Analog Devices Inc (ADI) Stock Price Down 7.36% on Apr 4 - GuruFocus,negative,-1
ADI,"Analog Devices (ADI) Secures $105M Grant, Sees Strong Q2 Outlook - Yahoo Finance",positive,1
ADI,"Is Analog Devices, Inc. (ADI) the Best Technology Dividend Stock to Invest in? - Yahoo",neutral,0
ADI,Analog Devices (ADI): Stifel Adjusts Target as Industry Faces Tariff Concerns | ADI Stock News - GuruFocus,negative,-1
ADI,Analog Semiconductors Stocks Q4 Highlights: Analog Devices (NASDAQ:ADI) - The Globe and Mail,neutral,0
ADI,Citi Adjusts Price Target for Analog Devices (ADI) Amid Economic Concerns | ADI Stock News - GuruFocus,negative,-1
ADI,Analog Devices (NasdaqGS:ADI) Expands Developer Offerings Despite 13% Stock Dip Last Week - simplywall.st,positive,1
ADI,Analog Devices a Top Socially Responsible Dividend Stock With 2.2% Yield (ADI) - Nasdaq,neutral,0
ADI,Analog Devices (NasdaqGS:ADI) Establishes US$3 Billion Credit Facility,positive,1
ADI,What Makes Analog Devices (ADI) an Attractive Bet?,neutral,0
ADI,Analog Devices (ADI) Stock Moves -0.71%: What You Should Know,neutral,0
ADI,Analog Devices (ADI) Outpaces Stock Market Gains: What You Should Know,neutral,0
ADI,Analog Semiconductors Stocks Q4 Highlights: Analog Devices (NASDAQ:ADI),neutral,0
ADI,"Analog Devices (ADI) Secures $105M Grant, Sees Strong Q2 Outlook",positive,1
ADI,"Is Analog Devices, Inc. (ADI) the Best Technology Dividend Stock to Invest in?",neutral,0
ADI,Analog Devices (ADI) Advances But Underperforms Market: Key Facts,positive,1
ADI,Wall Street Bulls Look Optimistic About Analog Devices (ADI): Should You Buy?,neutral,0
ADI,Analog Devices (ADI) Stock Jumps 4.1%: Will It Continue to Soar?,positive,1
ADI,Analog Devices (NasdaqGS:ADI) Expands Developer Offerings Despite 13% Stock Dip Last Week,positive,1
GOOGL,"Alphabet's Q1 earnings shattered analyst expectations, sending the stock soaring. Google's CEO credits its AI efforts. - Business Insider",positive,1
GOOGL,Alphabet Stock (NASDAQ:GOOGL) Notches up as Waymo Hits Quarter-Million Riders Per Week - TipRanks,positive,1
GOOGL,Should You Buy GOOGL Stock Before April 24? - Barchart.com,neutral,0
GOOGL,"If You Invested $1,000 in Google Stock When It Acquired YouTube, Here's How Much You'd Have Today - Benzinga",neutral,0
GOOGL,Google parent Alphabet beats quarterly revenue estimates - marketscreener.com,neutral,0
GOOGL,Google earnings were ‘pristine.’ But does that actually matter for Alphabet’s stock? - MarketWatch,neutral,0
GOOGL,Google’s $70 Billion Buyback Will Help the Stock. Don’t Expect It to Take Off. - Barron's,neutral,0
GOOGL,Alphabet Rolls Out $70 Billion Buyback but Analysts Stay Wary on Google Stock’s Forecast - TipRanks,negative,-1
GOOGL,"Google says deep AI investments powering ad sales, soothing anxious investors - Reuters",positive,1
GOOGL,Did Google Earnings Results Put Search Worries To Rest? Here's What Analysts Are Saying - Investor's Business Daily,neutral,0
GOOGL,Google Parent Alphabet’s Stock Climbs as Analysts Raise Targets on AI-Driven Growth - Investopedia,positive,1
GOOGL,Google Earnings Due. Here's What Could Move Alphabet Stock. - Investor's Business Daily,neutral,0
GOOGL,Google Stock Rises. Alphabet Earnings Beat on Strong Margins. - Barron's,positive,1
GOOGL,Is Alphabet Inc. (GOOGL) the Best Stock to Buy and Hold for 20 Years? - Yahoo Finance,neutral,0
GOOGL,Google Parent Alphabet Leads Adtech Stocks Higher on Signs of AI Success - Investopedia,positive,1
GOOGL,Google Earnings Beat As Internet Search Advertising Growth Tops Estimates - Investor's Business Daily,positive,1
GOOGL,Alphabet (GOOGL) Shares Rise on Strong Q1 Results and AI Momentum - Yahoo,positive,1
GOOGL,Futures: Nasdaq Hasn't Done This Since '01; Google Pops Late - Investor's Business Daily,neutral,0
GOOGL,Here's How Waymo's Robotaxi Momentum Will Pay Off For Google Stock - Investor's Business Daily,neutral,0
GOOGL,Dow Jones Falls Ahead Of Inflation Survey; Google Surges On Earnings - Investor's Business Daily,neutral,0
GOOGL,"GOOGL Q1 Earnings Beat Estimates, Revenues Rise Y/Y, Stock Up - Nasdaq",positive,1
GOOGL,Google Parent Alphabet's Stock Climbs as AI-Fueled Search Growth Drives Revenue Beat - Investopedia,positive,1
GOOGL,Google Stock (GOOGL) Continues to Soar as Top Analysts Cheer Its Earnings Beat - TipRanks,positive,1
GOOGL,Buy the Dip in Alphabet (GOOGL) Stock as Q1 Earnings Approach? - MSN,neutral,0
GOOGL,"Alphabet: Highly Discounted Valuation, Expect Share Price To Increase (GOOG,GOOGL) - Seeking Alpha",positive,1
GOOGL,Is It Time To Snap Up GOOGL Stock As Alphabet’s Core Businesses Surge? - Barchart.com,neutral,0
GOOGL,Google Earnings: Stock Soars As Q1 Results Shatter Expectations - Forbes,negative,-1
GOOGL,Alphabet Inc. (GOOGL) Stock: Google Parent Company Smashes Earnings Expectations - CoinCentral,negative,-1
GOOGL,Stock Market Triggers This Bullish Upgrade; Google Jumps On Earnings Late - Investor's Business Daily,positive,1
GOOGL,What's Going On With Google Parent Alphabet Stock Friday? - Benzinga,neutral,0
GOOGL,How Google Provides A Better Short Option Than Other Mag 7 Stocks - Investor's Business Daily,neutral,0
GOOGL,Is Alphabet Inc. (GOOGL) the Cheap Blue Chip Stock to Buy According to Hedge Funds? - Yahoo Finance,neutral,0
GOOGL,"NVDA, CRM, or GOOGL: Which Tech Stock Is the Most Attractive Pick? - TipRanks",neutral,0
GOOGL,JPMorgan Cuts Alphabet Price Target Amid Trump Tariffs. Is Google Stock A Buy? - Investor's Business Daily,neutral,0
GOOGL,"Alphabet’s (GOOGL) Ironwood AI Chip Drops – 9,000+ Chip Clusters Powering Gemini Models - Yahoo Finance",negative,-1
GOOGL,Federal Judge Rules Against Google In Advertising Antitrust Case. Trade Desk Gains. - Investor's Business Daily,neutral,0
GOOGL,How Will Google Stock React To Its Upcoming Earnings? - Forbes,neutral,0
GOOGL,Alphabet Delivered A Massive Q1 2025 Beat And Is Undervalued (GOOGL) - Seeking Alpha,positive,1
GOOGL,Google Earnings Will Be Biggest Q1 Report Yet As Investors Search For Tariff And Recession Impacts - Forbes,neutral,0
GOOGL,"Palantir, Google Expand Cloud Computing Partnership To Target Federal Agencies - Investor's Business Daily",neutral,0
GOOGL,Google (GOOGL) Earnings: Can It Beat Estimates Amid Legal Heat? - tastylive,positive,1
GOOGL,What Analysts Think of Google Parent Alphabet's Stock Ahead of Earnings - Investopedia,neutral,0
GOOGL,"Dear Google Stock Fans, Mark Your Calendars For April 24 - Barchart.com",neutral,0
GOOGL,Alphabet Revenue Jumped 12% in Q1. How Should You Play GOOGL Stock Here? - The Globe and Mail,neutral,0
GOOGL,"Live S&P VOOG: Tariff Impact Hits Corporate America, GOOGL (Nasdaq: GOOGL) Up, ODFL Falls - 24/7 Wall St.",negative,-1
GOOGL,Alphabet shares rise as Google search boosts profits - Financial Times,positive,1
GOOGL,Buy the Dip in Alphabet (GOOGL) Stock as Q1 Earnings Approach? - Zacks Investment Research,neutral,0
GOOGL,Google Stock Pops on Better-Than-Expected Revenue Surge - Wall Street Pit,positive,1
GOOGL,Alphabet (GOOGL) Shares Rise on Strong Q1 Results and AI Momentum - GuruFocus,positive,1
GOOGL,"5 stocks to watch on Thursday: GOOGL, INTC, PG, MRK and CMG (GOOG:NASDAQ) - Seeking Alpha",neutral,0
GOOGL,"Google says deep AI investments powering ad sales, soothing anxious investors - Yahoo Finance",positive,1
GOOGL,Buy the Dip in Alphabet (GOOGL) Stock as Q1 Earnings Approach? - Yahoo,neutral,0
GOOGL,"Stock Market News Today, 4/25/25 – GOOGL’s Strong Earnings Lift Futures Higher - TipRanks",positive,1
GOOGL,Google's revenue tops Wall Street's expectations — and the stock climbs - qz.com,positive,1
GOOGL,Analysts Slash Google Stock (GOOGL) Forecast on AI Fears - TipRanks,negative,-1
GOOGL,Alphabet Q2 2025 Earnings Preview | Google Stock Outlook | AI Growth Strategy - ig.com,neutral,0
GOOGL,Is Google at risk of irrelevance? Alphabet’s stock drop draws comparison to Kodak. - MarketWatch,negative,-1
GOOGL,Alphabet (GOOGL) Reiterated at Buy Ahead of Earnings Despite Macro Haze and Ad Headwinds - Yahoo Finance,positive,1
GOOGL,Should You Buy Google Stock Before Thursday? - The Motley Fool,neutral,0
GOOGL,Alphabet Revenue Jumped 12% in Q1. How Should You Play GOOGL Stock Here? - MSN,neutral,0
GOOGL,Alphabet Inc. (GOOGL) Stock: Has Google’s Golden Era Come To An End? - CoinCentral,neutral,0
GOOGL,"YouTube Turns 20, Alphabet Stock (NASDAQ:GOOGL) Gains Despite a Bitter Birthday Present Ahead - TipRanks",positive,1
GOOGL,Is Alphabet (GOOGL) a Good Stock to Buy Before Earnings? - TipRanks,neutral,0
GOOGL,Alphabet (Google) Stock Investors Just Got More Bad News From a Federal Judge - The Motley Fool,neutral,0
GOOGL,Takeaways from Alphabet's Q1: Cost cutting & Google Search growth - Yahoo Finance,neutral,0
GOOGL,Jim Cramer Questions Alphabet Inc. (GOOGL) Amid AI Cannibalism Concerns - Yahoo Finance,negative,-1
GOOGL,"Google, Merck, PepsiCo, Procter & Gamble: Stocks to watch today - qz.com",neutral,0
GOOGL,"Google Jeopardy: Advertising, DOJ Threats Pressure Alphabet Stock - Nasdaq",neutral,0
GOOGL,Alphabet Inc. (GOOGL) Price Target Trimmed to $178 Amid AI-Led Strategy Shift - Yahoo Finance,negative,-1
GOOGL,Google’s $70 Billion Buyback Will Help the Stock. Don’t Expect It to Take Off.,positive,1
GOOGL,DOJ pushes Google Chrome sale. Here's who wants to buy,neutral,0
GOOGL,US judge sets May 2 hearing to discuss remedies in Google digital ads lawsuit,neutral,0
GOOGL,Google's Search Business Showing Resilience,positive,1
GOOGL,Google Parent Alphabet Leads Adtech Stocks Higher on Signs of AI Success,positive,1
GOOGL,Alphabet (NasdaqGS:GOOGL) Reports Q1 Sales of US$90 Billion and Net Income of US$34 Billion,neutral,0
GOOGL,"Google Cloud, AI, ads, Waymo, and more: Google earnings takeaways",neutral,0
LLY,Analysts Maintain Buy Ratings on Eli Lilly Stock (LLY) as Q1 Earnings Loom - Yahoo Finance,neutral,0
LLY,Eli Lilly Stock (LLY) is Stronger as it Fights for Alzheimer’s Drug Approval in Europe - TipRanks,positive,1
LLY,Eli Lilly Stock: Some Big News Is Incoming (NYSE:LLY) - Seeking Alpha,neutral,0
LLY,Should You Buy Eli Lilly Stock At $820? - Nasdaq,neutral,0
LLY,Eli Lilly Will Be the Next $1 Trillion Stock - 24/7 Wall St.,neutral,0
LLY,"Stocks making the biggest moves premarket: Boeing, Tesla, BP, Eli Lilly and more - CNBC",neutral,0
LLY,Eli Lilly Stock Rockets On Weight-Loss Pill Progress - Investor's Business Daily,neutral,0
LLY,Is Eli Lilly and Company (LLY) the Best Stock That Will Always Grow? - Yahoo Finance,neutral,0
LLY,Trump-Powered Medicare Setback Adds Bullish Impetus for Eli Lilly & Co (LLY) Stock - TipRanks,positive,1
LLY,"Is Eli Lilly Stock A Buy On Its Winning Diabetes, Obesity Pill? - Investor's Business Daily",neutral,0
LLY,PFE vs. LLY: Which Stock Should Value Investors Buy Now? - Yahoo Finance,neutral,0
LLY,Eli Lilly Stock (LLY) Back in Shape as It Sues Compounders Over Weight-Loss Drugs - TipRanks,positive,1
LLY,Why Is Eli Lilly (LLY) Stock Rocketing Higher Today - Yahoo Finance,positive,1
LLY,Clinical Trial Success Positions Eli Lilly Stock (LLY) for Major Rebound - TipRanks,positive,1
LLY,LLY Stock Up as Oral GLP-1 Pill Meets Goals in First Phase III Study - Yahoo Finance,positive,1
LLY,Eli Lilly and Company (LLY): Among the Best American Dividend Stocks to Buy According to Analysts - Yahoo Finance,positive,1
LLY,Eli Lilly Stock Down 8.2% in a Month: Should You Buy the Dip? - Yahoo Finance,negative,-1
LLY,Is Eli Lilly and Company (LLY) the Best Low Volatility Stock to Buy Now? - Yahoo Finance,neutral,0
LLY,Eli Lilly stock soars on positive weight-loss pill results - Yahoo Finance,positive,1
LLY,Is Eli Lilly and Company (LLY) the Best Beginner Stock? - Yahoo Finance,neutral,0
LLY,Eli Lilly (LLY) Ascends But Remains Behind Market: Some Facts to Note - Yahoo Finance,neutral,0
LLY,5 Reasons To Buy Eli Lilly (NYSE:LLY) - Seeking Alpha,neutral,0
LLY,Strength Seen in Lilly (LLY): Can Its 14.3% Jump Turn into More Strength? - Nasdaq,positive,1
LLY,Eli Lilly and Company (LLY): Among Billionaire Ken Fisher’s Top Growth Stock Picks - Yahoo Finance,neutral,0
LLY,Is Eli Lilly Stock Going to $900? 1 Wall Street Analyst Thinks So. - Nasdaq,neutral,0
LLY,Eli Lilly Nails Oral GLP-1 Trial—Here’s What It Means for LLY - MarketBeat,neutral,0
LLY,Eli Lilly and Company (LLY) is Attracting Investor Attention: Here is What You Should Know - Yahoo Finance,neutral,0
LLY,Prediction: Eli Lilly's Newest GLP-1 Drug Will Be a Game-Changer for the Stock - The Motley Fool,positive,1
LLY,Eli Lilly: A New Leader In Weight Loss Drugs Is Clearly Emerging (NYSE:LLY) - Seeking Alpha,positive,1
LLY,Why Eli Lilly and Company (LLY) Is the Best Medical Stock to Buy According to Billionaires - Yahoo Finance,neutral,0
LLY,Eli Lilly (LLY) Shares Impacted by Novo Nordisk's FDA Submission | LLY Stock News - GuruFocus,negative,-1
LLY,Jim Cramer Calls Eli Lilly and Company (LLY) a ‘Game Changer’ After Obesity Pill Trial Success - Yahoo Finance,neutral,0
LLY,Eli Lilly (LLY) Files Lawsuits Against Compounders Over Tirzepatide Copies | LLY Stock News - GuruFocus,negative,-1
LLY,Q4 Earnings Highs And Lows: Eli Lilly (NYSE:LLY) Vs The Rest Of The Branded Pharmaceuticals Stocks - Yahoo Finance,negative,-1
LLY,Weight Loss In a Pill Will Make Eli Lilly a $1 Trillion Stock - MoneyMorning.com,neutral,0
LLY,Eli Lilly CEO David Ricks Just Delivered Terrible News to Investors: Should You Sell the Stock? - The Motley Fool,neutral,0
LLY,Eli Lilly (NYSE: LLY) Stock Price Prediction and Forecast 2025-2030 (April 2025) - 24/7 Wall St.,neutral,0
LLY,"Eli Lilly, Novo Stocks Dive After Medicare Excludes Weight-Loss Drugs - Investor's Business Daily",negative,-1
LLY,"LLY, NVO and AMGN Forecast – Pharma Stocks to Open Mixed - FXEmpire",positive,1
LLY,Eli Lilly (LLY) Earnings Expected to Grow: What to Know Ahead of Next Week's Release - Yahoo,neutral,0
LLY,$LLY stock is up 14% today. Here's what we see in our data. - Nasdaq,positive,1
LLY,Pharmaceutical Giant Eli Lilly Schedules Q1 2025 Earnings Report: Key Date for Investors - Stock Titan,neutral,0
LLY,Eli Lilly (LLY) Receives Overweight Rating and Robust Price Target from Cantor Fitzgerald | LLY Stock News - GuruFocus,positive,1
LLY,(LLY) Technical Data - news.stocktradersdaily.com,neutral,0
LLY,Jim Cramer Says You Should ‘Stay Long’ Eli Lilly (LLY) Because of These Reasons - Yahoo Finance,neutral,0
LLY,Eli Lilly and Company (LLY): One of the Best Long Term Stocks to Buy According to Billionaires - Yahoo Finance,positive,1
LLY,Why April Could Be a Huge Month for Eli Lilly Stock - Yahoo Finance,neutral,0
LLY,Eli Lilly and Company (LLY) Is a Trending Stock: Facts to Know Before Betting on It - Yahoo Finance,neutral,0
LLY,Why It Makes Sense To Buy Eli Lilly Stock At $840 - Forbes,neutral,0
LLY,"Bernstein reiterates Eli Lilly stock with $1,100 target - Investing.com",neutral,0
LLY,Eli Lilly & Company (LLY): Among Defensive Stocks Billionaire Ken Fisher Is Betting On - Yahoo Finance,neutral,0
LLY,LLY vs. NVO: Which Weight-Loss Drug Stock is a Stronger Play Now? - Yahoo Finance,neutral,0
LLY,Is Eli Lilly and Company (LLY) the Best Pharma Stock to Buy for Long Term Growth? - Yahoo Finance,neutral,0
LLY,Eli Lilly stock jumps on Phase 3 win for oral GLP-1 (LLY:NYSE) - Seeking Alpha,positive,1
LLY,Why Eli Lilly and Company (LLY) is Skyrocketing? - Yahoo Finance,neutral,0
LLY,Why Eli Lilly and Company (LLY) Is Among the Best Blue Chip Stocks to Buy According to Billionaires - Yahoo Finance,neutral,0
LLY,Eli Lilly (LLY) Shares Soar After Positive Diabetes Drug Trial Results - GuruFocus,positive,1
LLY,Eli Lilly (LLY) Stock Jumps as Rival Pfizer Drops Out of Race to Develop Weight Loss Pill - TipRanks,negative,-1
LLY,"4 stocks to watch on Friday: CRWV, LLY, APP and SHEL - Seeking Alpha",neutral,0
LLY,NVO & LLY Shares Down on Exclusion of Obesity Drugs From Medicare - Yahoo Finance,negative,-1
LLY,Eli Lilly and Company (LLY): The Best Healthcare Stock to Buy According to Billionaires - Yahoo Finance,positive,1
LLY,Zealand Pharma (ZLDPF) Welcomes New Chief Scientific Officer to Drive Research | LLY Stock News - GuruFocus,neutral,0
LLY,"Biggest stock movers Thursday: TSM, LLY, UNH, and more (TSM:NYSE) - Seeking Alpha",neutral,0
LLY,"NVO, LLY, GPCR & VKTX Stocks Gain Following PFE's Obesity Study Setback - Yahoo Finance",positive,1
LLY,"Lobbying Update: $60,000 of ELI LILLY AND COMPANY lobbying was just disclosed - Nasdaq",neutral,0
LLY,Why Eli Lilly (LLY) Stock is Rising Today - GuruFocus,neutral,0
LLY,Is Eli Lilly and Company (LLY) the Best Gene-Editing Stock to Buy? - Yahoo Finance,neutral,0
LLY,Hims Claws Back After Its Lilly-Rivaling Obesity Plan Faces An Unexpected Hitch - Investor's Business Daily,negative,-1
LLY,Eli Lilly and Company (LLY): One of the High Growth Forever Dividend Stocks to Invest In - Yahoo Finance,neutral,0
LLY,"Jim Cramer on Eli Lilly (LLY) – “Own Eli Lilly, Going to a Trillion Dollars!” - Yahoo Finance",neutral,0
LLY,Eli Lilly stock upgraded at Goldman Sachs (LLY:NYSE) - Seeking Alpha,neutral,0
LLY,Eli Lilly and Company (LLY): Among the Innovative Healthcare Stocks to Watch in 2025 - Yahoo Finance,positive,1
LLY,Eli Lilly Stock (LLY) Goes Supersized after New Oral Weight Loss Drug Impresses in Trials - TipRanks,positive,1
LLY,Why Is Eli Lilly (LLY) Stock Rocketing Higher Today - Barchart.com,positive,1
LLY,Eli Lilly and Company (LLY) Stock: Could This Weight Loss Pill Be Lilly’s Next Blockbuster? - MoneyCheck,neutral,0
LLY,Here's Why Eli Lilly (NYSE: LLY). Fidelity National (NYSE: FIS) and Diamondback Energy (Nasdaq: FANG) Are Soaring Today - 24/7 Wall St.,positive,1
LLY,"4 stocks to watch on Thursday: NFLX, AXP, LLY and GPN - Seeking Alpha",neutral,0
LLY,Novo Nordisk (NVO) Seeks FDA Approval for Oral Weight Loss Drug | LLY Stock News - GuruFocus,neutral,0
LLY,Is Eli Lilly and Company (LLY) the Best Stock to Invest in for Long Term?,neutral,0
LLY,Analysts Maintain Buy Ratings on Eli Lilly Stock (LLY) as Q1 Earnings Loom,negative,-1
LLY,PFE vs. LLY: Which Stock Should Value Investors Buy Now?,neutral,0
LLY,Eli Lilly Stock Soars on Weight-Loss News. Why It’s Bad for Novo Nordisk.,negative,-1
LLY,Eli Lilly (LLY) Earnings Expected to Grow: What to Know Ahead of Next Week's Release,neutral,0
LLY,Jim Cramer Calls Eli Lilly and Company (LLY) a ‘Game Changer’ After Obesity Pill Trial Success,neutral,0
LLY,Eli Lilly sues Mochi Health and others for ‘deceptive’ tirzepatide marketing,negative,-1
LLY,Eli Lilly is stepping up its fight against copycat weight loss drugs,positive,1
LLY,Is Eli Lilly and Company (LLY) the Best Stock That Will Always Grow?,neutral,0
LLY,Forget Zepbound: Eli Lilly Has Its Next Billion-Dollar Weight Loss Drug,neutral,0
LLY,Is Eli Lilly Stock Going to $900? 1 Wall Street Analyst Thinks So.,neutral,0
MRVL,CRDO vs. MRVL: Which AI-focused Semiconductor Stock is the Better Buy? - Zacks Investment Research,neutral,0
MRVL,Wall St. Scopes Marvell Technology (MRVL) as a Prime Buy-the-Dip Candidate - TipRanks,neutral,0
MRVL,"SA analyst upgrades: TSLA, T, CRM, TSM, MRVL, SAP, CRDO, MPW - Seeking Alpha",neutral,0
MRVL,Is Marvell Technology Inc. (NASDAQ:MRVL) the Best Stock Under $100 to Buy According to Hedge Funds? - Yahoo Finance,neutral,0
MRVL,Marvell Is Stuck Between Amazon And A Hard Place (NASDAQ:MRVL) - Seeking Alpha,negative,-1
MRVL,Is Marvell Technology Inc. (NASDAQ:MRVL) the Most Promising Stock According to Analysts? - MSN,neutral,0
MRVL,"Marvell Technology: Shares Plunge, But Operating Momentum Accelerates (NASDAQ:MRVL) - Seeking Alpha",negative,-1
MRVL,"Marvell Technology, Inc. (MRVL) Sees AI Chip Outlook Dim as Tariff Fears Grow - Yahoo Finance",negative,-1
MRVL,Is Marvell Technology Inc. (NASDAQ:MRVL) a NASDAQ Stock with the Highest Upside Potential? - Insider Monkey,neutral,0
MRVL,Marvell Technology Inc (MRVL) Stock Price Down 5.97% on Apr 21 - GuruFocus,negative,-1
MRVL,Marvell Technology (NasdaqGS:MRVL) Unveils Groundbreaking 400G Technology Amid Recent 15% Share Price Dip - Yahoo Finance,positive,1
MRVL,CRDO vs. MRVL: Which AI-focused Semiconductor Stock is the Better Buy? - Yahoo Finance,neutral,0
MRVL,Marvell (MRVL) Stock Jumps 21.9%: Will It Continue to Soar? - Yahoo Finance,positive,1
MRVL,Marvell Technology (MRVL) Stock Drops Despite Market Gains: Important Facts to Note - Yahoo Finance,negative,-1
MRVL,"Marvell Technology, Inc. (MRVL) – Jim Cramer Sees Opportunity: ‘Historic Decline, But Time to Buy!’ - Yahoo Finance",neutral,0
MRVL,Marvell (MRVL) Is Considered a Good Investment by Brokers: Is That True? - Yahoo Finance,neutral,0
MRVL,Why Marvell Technology Inc. (MRVL) Went Down On Thursday? - Yahoo Finance,negative,-1
MRVL,Is Marvell Technology Inc. (NASDAQ:MRVL) the Best NASDAQ Stock to Buy So Far in 2025? - Yahoo Finance,neutral,0
MRVL,Here's Why Marvell Technology (MRVL) is a Strong Growth Stock - Nasdaq,positive,1
MRVL,Marvell (MRVL) Price Target Lowered by Barclays Amid Trade Concerns | MRVL Stock News - GuruFocus,negative,-1
MRVL,"Marvell Technology, Inc. (MRVL) is Attracting Investor Attention: Here is What You Should Know - Yahoo Finance",neutral,0
MRVL,Here's Why Marvell Technology (MRVL) is a Strong Growth Stock - Nasdaq,positive,1
MRVL,Marvell Technology (NasdaqGS:MRVL) Showcases PCIe Gen 6 Optics Innovation Despite 4% Share Price Dip - Yahoo Finance,positive,1
MRVL,"Marvell (MRVL) Streamlines for the AI Era – Auto Exit, Data Center Push - Yahoo Finance",neutral,0
MRVL,"Marvell Technology, Inc. (NASDAQ:MRVL) Shares Slammed 26% But Getting In Cheap Might Be Difficult Regardless - simplywall.st",positive,1
MRVL,Wall Street Analysts Think Marvell (MRVL) Is a Good Investment: Is It? - Yahoo Finance,neutral,0
MRVL,"Marvell Technology, Inc. (MRVL): AI Demand Cuts Drive Target Drop Amid ASIC Forecast Reductions - Yahoo Finance",negative,-1
MRVL,Marvell (MRVL) Down 23% Since Last Earnings Report: Can It Rebound? - Yahoo Finance,negative,-1
MRVL,Is Marvell Technology Inc. (NASDAQ:MRVL) a NASDAQ Stock with the Highest Upside Potential? - Yahoo,neutral,0
MRVL,Here is Why Growth Investors Should Buy Marvell (MRVL) Now - Nasdaq,neutral,0
MRVL,Is Marvell Technology Inc. (NASDAQ:MRVL) the Most Promising Stock According to Analysts?,neutral,0
MRVL,Marvell Technology (MRVL) Declined in Q1 Despite Reporting Strong Earnings,negative,-1
MRVL,Marvell Technology (NasdaqGS:MRVL) Achieves CXL Interoperability With AMD and Intel Platforms,positive,1
MRVL,CRDO vs. MRVL: Which AI-focused Semiconductor Stock is the Better Buy?,neutral,0
MRVL,Is Marvell Technology Inc. (NASDAQ:MRVL) the Best Stock Under $100 to Buy According to Hedge Funds?,neutral,0
MRVL,"Marvell Technology, Inc. (MRVL) Sees AI Chip Outlook Dim as Tariff Fears Grow",negative,-1
MRVL,Here's Why Marvell Technology (MRVL) is a Strong Growth Stock,positive,1
MRVL,Wall Street Analysts Think Marvell (MRVL) Is a Good Investment: Is It?,positive,1
MRVL,Marvell Technology (MRVL) Stock Drops Despite Market Gains: Important Facts to Note,negative,-1
MRVL,"Marvell Technology, Inc. (MRVL) is Attracting Investor Attention: Here is What You Should Know",neutral,0
MRVL,“They Are Doing Everything Right”: Jim Cramer Reaffirms Marvell Technology (MRVL) as a Buy,neutral,0
MRVL,3 Reasons Growth Investors Will Love Marvell (MRVL),neutral,0
MSFT,"‘Wait for an Expectations Reset before Buying,’ Says Analyst about Microsoft Stock (MSFT) - TipRanks",neutral,0
MSFT,Goldman Sachs Is Upbeat on Microsoft (MSFT)’s 2026 Outlook - Yahoo,neutral,0
MSFT,Is Microsoft Corporation (MSFT) the Best Stock to Invest in for Long Term? - Yahoo,neutral,0
MSFT,"Forget Oil Stocks, Buy Microsoft (NASDAQ:MSFT) - Seeking Alpha",neutral,0
MSFT,MSFT June 6th Options Begin Trading - Nasdaq,neutral,0
MSFT,"Jim Cramer Slams Microsoft Corporation (MSFT)’s Spending: ‘$80 Billion Isn’t Enough, Partner’ - Yahoo Finance",neutral,0
MSFT,Microsoft (MSFT) Fell as Azur Revenue Growth Fell Short of Expectations - Yahoo Finance,negative,-1
MSFT,Is Microsoft Corporation (MSFT) the Best Stock to Buy and Hold for 20 Years? - Yahoo Finance,neutral,0
MSFT,Is MSFT Stock A Winner Now? - Forbes,neutral,0
MSFT,Goldman Sachs Is Upbeat on Microsoft (MSFT)’s 2026 Outlook - MSN,neutral,0
MSFT,Microsoft set to rebound with less aggressive Azure expectations: Evercore (MSFT:NASDAQ) - Seeking Alpha,positive,1
MSFT,Buy MSFT Stock At $400? - Forbes,neutral,0
MSFT,Microsoft (MSFT) Beats Stock Market Upswing: What Investors Need to Know - Yahoo Finance,neutral,0
MSFT,Is Microsoft Corporation (MSFT) the Best Nancy Pelosi Stock To Invest In Now? - Yahoo Finance,neutral,0
MSFT,Microsoft Corporation (MSFT): Among Top Stocks in Bill Gates’ Portfolio with Huge Upside Potential - Yahoo Finance,neutral,0
MSFT,Is Microsoft Corporation (MSFT) the Best Stock to Buy According to Billionaire Chris Rokos? - Yahoo Finance,neutral,0
MSFT,Microsoft (MSFT) Fell as Azur Revenue Growth Fell Short of Expectations - Insider Monkey,negative,-1
MSFT,"Microsoft (MSFT) Hits $13B AI Revenue Run Rate, Plans $80B Investment - Yahoo Finance",positive,1
MSFT,Microsoft (MSFT) Stock Sinks As Market Gains: What You Should Know - Nasdaq,negative,-1
MSFT,Is Microsoft Corporation (MSFT) the Best Metaverse Stock to Invest in? - Yahoo Finance,neutral,0
MSFT,Dan Niles Says Microsoft (MSFT) AI Capex Is Slowing Down - Yahoo Finance,positive,1
MSFT,"Microsoft (MSFT) Price Target Lowered to $430 Amid Macro Uncertainty, Analysts Still Bullish - Yahoo Finance",negative,-1
MSFT,"Microsoft Stock Falls Eight Of The Past Nine Weeks; Is MSFT Still A Buy In March, Or Is It A Sell? - Investor's Business Daily",negative,-1
MSFT,Microsoft Stock (NASDAQ:MSFT) Gains on an AI Model that Runs on CPUs - TipRanks,positive,1
MSFT,Is Microsoft Corporation (MSFT) the Best Stock to Buy According to Billionaire Steve Cohen? - Yahoo Finance,neutral,0
MSFT,Microsoft Is Dominating The Business AI Race (NASDAQ:MSFT) - Seeking Alpha,neutral,0
MSFT,"Microsoft: Not A Strong Buy, But Don't Drop This Stock (MSFT) - Seeking Alpha",neutral,0
MSFT,Why Microsoft Stock Is Down? MSFT Share Tests 15-Month Low but 2025 Price Predictions Remain Bullish - Finance Magnates,negative,-1
MSFT,"It’s a Good Time to Buy GOOG and MSFT, Veteran Investor Says - Yahoo Finance",neutral,0
MSFT,“Middle Management” Cuts Coming to Microsoft as Microsoft Stock (NASDAQ:MSFT) Surges - TipRanks,negative,-1
MSFT,Microsoft’s (MSFT) AI Power Play Trumps Ongoing Tariff War - Yahoo Finance,neutral,0
MSFT,Microsoft (MSFT) Stock Slides as Market Rises: Facts to Know Before You Trade - Yahoo Finance,neutral,0
MSFT,Microsoft Corporation (MSFT) Is A Good Pick for A Long-Term Stock Portfolio - Yahoo Finance,neutral,0
MSFT,Is Microsoft Corp. (NASDAQ:MSFT) a NASDAQ Stock with the Highest Upside Potential? - Yahoo Finance,neutral,0
MSFT,Is Microsoft (MSFT) the Best NASDAQ Stock to Buy So Far in 2025? - Yahoo Finance,neutral,0
MSFT,Microsoft Corporation (MSFT): Among The Best US Stocks To Buy For Foreign Investors - Yahoo Finance,positive,1
MSFT,Is Microsoft Corporation (MSFT) The Best American Tech Stock To Buy Now? - Yahoo Finance,neutral,0
MSFT,(MSFT) Advanced Trading Insights (MSFT:CA) - news.stocktradersdaily.com,neutral,0
MSFT,Is Microsoft Corporation (MSFT) the Best Blue Chip Stock to Buy According to Billionaires? - Yahoo Finance,neutral,0
MSFT,Is Microsoft (MSFT) the Top Blue Chip AI Stock to Buy According to Billionaire Cliff Asness? - Yahoo Finance,neutral,0
MSFT,Barclays Adjusts Price Target for Microsoft (MSFT) Ahead of Q1 Earnings | MSFT Stock News - GuruFocus,neutral,0
MSFT,Is Microsoft Corporation (MSFT) the Top Tech Stock to Buy According to Billionaire Ken Fisher? - Yahoo Finance,neutral,0
MSFT,Is Microsoft (MSFT) the Best Machine Learning Stock to Buy Now? - Yahoo Finance,neutral,0
MSFT,"AAPL, AMZN, or MSFT: Which Magnificent 7 Stock Is Wall Street’s Most Attractive Pick? - markets.businessinsider.com",neutral,0
MSFT,"Microsoft Earnings Preview: CIO Surveys By Morgan Stanley, KPMG Reveal Key Statistical Insights (NASDAQ:MSFT) - Seeking Alpha",positive,1
MSFT,Is Microsoft Corporation (MSFT) the Best Technology Dividend Stock to Invest in? - Yahoo Finance,neutral,0
MSFT,Is Microsoft Corp. (NASDAQ:MSFT) the Best Tech Stock to Buy For Long-Term Investment? - Yahoo Finance,neutral,0
MSFT,Citi Lowers Price Target on Microsoft (MSFT) Amid Economic Uncer - GuruFocus,negative,-1
MSFT,Is Microsoft (MSFT) the Best Big Data Stock to Buy According to Analysts? - Yahoo Finance,neutral,0
MSFT,"Two Veteran Investors Tout AMZN, MSFT - Yahoo Finance",neutral,0
MSFT,How Microsoft Stock (MSFT) Became Ensnared in Trump’s Tariff Headwinds - markets.businessinsider.com,neutral,0
MSFT,"‘Load Up the Truck,’ Says RBC about Microsoft Stock (MSFT) - TipRanks",neutral,0
MSFT,Is Microsoft Corporation (MSFT) the Best Beginner Stock? - Yahoo Finance,neutral,0
MSFT,Microsoft (MSFT) – Jim Cramer Conflicted: “I’m Calling It Somewhat of a Bus” - Yahoo Finance,negative,-1
MSFT,"Microsoft: With The Stock Down, Just Roll Down This Strategy (NASDAQ:MSFT) - Seeking Alpha",neutral,0
MSFT,Microsoft Corporation (MSFT) Scales Back Data Centers – Is It a Smart Move or Red Flag for Investors? - Yahoo Finance,neutral,0
MSFT,"Microsoft: A Brilliant Business, But Here's Why It's Not In My Portfolio (NASDAQ:MSFT) - Seeking Alpha",neutral,0
MSFT,Is Microsoft Corporation (MSFT) the Best Fundamental Stock to Buy According to Billionaires? - Yahoo Finance,neutral,0
MSFT,Microsoft (MSFT): The Best Gaming Stock to Invest In According to Billionaires - Yahoo Finance,neutral,0
MSFT,Jim Cramer on Microsoft Corporation (MSFT): AI Giant with a Cloudy Build-Out Pause - Yahoo Finance,neutral,0
MSFT,"MSFT, AVGO, or PLTR: Which Tech Stock Is Wall Street’s Most Attractive Pick? - markets.businessinsider.com",neutral,0
MSFT,Microsoft (MSFT) Stock Slides as Market Rises: Facts to Know Before You Trade - MSN,neutral,0
MSFT,Is Microsoft Corporation (MSFT) the Best Stock to Invest in for Long Term?,neutral,0
MSFT,Goldman Sachs Is Upbeat on Microsoft (MSFT)’s 2026 Outlook,positive,1
MSFT,Microsoft (NasdaqGS:MSFT) To Enhance Data Security With Kyndryl Using Microsoft Purview,positive,1
MSFT,Insights Into Microsoft (MSFT) Q3: Wall Street Projections for Key Metrics,neutral,0
MSFT,Here is What to Know Beyond Why Microsoft Corporation (MSFT) is a Trending Stock,neutral,0
MSFT,Microsoft (MSFT) Fell as Azur Revenue Growth Fell Short of Expectations,negative,-1
NVDA,Nvidia's Stock Is Trading As If It's 2022 Again (NVDA) - Seeking Alpha,neutral,0
NVDA,Josh Brown Explains Long-Term Threats to Nvidia (NVDA) - Yahoo Finance,neutral,0
NVDA,Amazon and Nvidia (NVDA) Say the Construction of AI Data Centers Is Not Slowing Down - The Globe and Mail,positive,1
NVDA,Why Two CNBC Panelists Were Very Bearish on Nvidia (NVDA) Stock - Yahoo Finance,negative,-1
NVDA,Is NVIDIA Corp. (NASDAQ:NVDA) the Best Stock Under $100 to Buy According to Hedge Funds? - Yahoo Finance,neutral,0
NVDA,Ultimate Insider Marjorie Taylor Greene’s #3 Stock Pick: NVIDIA Corporation (NVDA) - Yahoo Finance,neutral,0
NVDA,Jim Cramer Says NVIDIA (NVDA) Stock Isn’t Cheap ‘Unless Everything Goes Right’ - Yahoo Finance,neutral,0
NVDA,"NVDA, CRM, or GOOGL: Which Tech Stock Is the Most Attractive Pick? - TipRanks",neutral,0
NVDA,"Nvidia (NVDA) Stock: Why Analysts Are Shouting ""Buy"" After Recent Price Drop - CoinCentral",negative,-1
NVDA,Is NVIDIA Corporation (NVDA) the Best Aggressive Growth Stock to Buy Now? - Yahoo Finance,neutral,0
NVDA,Nvidia (NVDA) Stock Identified as Top AI Stock by Veteran Investor - Yahoo Finance,positive,1
NVDA,NVIDIA Corporation (NVDA): Among Louis Navellier’s Stock Picks with Huge Upside Potential - Yahoo Finance,neutral,0
NVDA,Why Nvidia (NVDA) Stock Is Down Today - Yahoo Finance,negative,-1
NVDA,NVIDIA (NVDA) Stock: AWS Just Delivered Great News Amid Trade Tensions - CoinCentral,positive,1
NVDA,Is NVIDIA Corporation (NVDA) the Best Nancy Pelosi Stock To Invest In Now? - Yahoo Finance,neutral,0
NVDA,NVIDIA (NASDAQ: NVDA) Price Prediction and Forecast 2025-2030 for April 22 - 24/7 Wall St.,neutral,0
NVDA,Is NVIDIA (NVDA) Among the Best Guru Stocks to Buy According to Wall Street Analysts? - Yahoo Finance,neutral,0
NVDA,NVIDIA Corporation (NVDA): The Best Stock to Buy and Hold for 2 Years - Yahoo Finance,neutral,0
NVDA,"Fund Update: BARTLETT & CO. WEALTH MANAGEMENT LLC added 190,371 shares of NVIDIA ($NVDA) to their portfolio - Nasdaq",neutral,0
NVDA,Nvidia (NVDA) Stock Moves -1.37%: What You Should Know - Yahoo Finance,neutral,0
NVDA,"AAPL, NVDA, TSLA: China Denies It Has Entered Trade Talks with U.S. - The Globe and Mail",neutral,0
NVDA,Nvidia Stock Is Staring Down a New $1 Trillion Opportunity. How Should You Play NVDA Here? - Barchart.com,neutral,0
NVDA,Veteran Investor Says NVDA Can Reach $130 After Earnings - Yahoo Finance,neutral,0
NVDA,Is NVIDIA Corporation (NVDA) the Best Stock to Invest in for Long Term?,neutral,0
NVDA,"Why a Cautious, Longtime Investor Is Rather Bullish on NVDA",neutral,0
NVDA,"Nvidia (NVDA) Will Benefit From Resolution of Trade War in the Medium Term, Veteran Analyst Says",positive,1
NVDA,Mar Vista’s U.S. Quality Strategy Established a Position in NVIDIA (NVDA) Following a Pullback,positive,1
PFE,Pfizer (PFE) Stock Sinks As Market Gains: What You Should Know - Yahoo Finance,negative,-1
PFE,Jim Cramer Warns on Pfizer (PFE): “That 7.7% Yield Is Not a Sign of Strength – It’s a Sign of Weakness” - Yahoo Finance,negative,-1
PFE,PFE vs. LLY: Which Stock Should Value Investors Buy Now? - Yahoo Finance,neutral,0
PFE,Are Investors Undervaluing Pfizer (PFE) Right Now? - Yahoo Finance,neutral,0
PFE,Pfizer Stock: This Falling Knife Keeps Going Lower And Lower (NYSE:PFE) - Seeking Alpha,negative,-1
PFE,Is Pfizer Stock (PFE) Worth Buying on the Dip? - TipRanks,neutral,0
PFE,Is Pfizer Inc. (PFE) A Cheap NYSE Stock to Invest in According to Hedge Funds? - Yahoo Finance,neutral,0
PFE,Is Pfizer Inc. (PFE) the Best Large-Cap Value Stock to Buy as the Recession Hits? - Yahoo Finance,neutral,0
PFE,Pfizer (NYSE:PFE) Collaborates With Guardant Health on Oncology; Declares US$0.43 Dividend - Yahoo Finance,positive,1
PFE,Is Pfizer (PFE) Stock Undervalued Right Now? - Yahoo Finance,neutral,0
PFE,"With 67% institutional ownership, Pfizer Inc. (NYSE:PFE) is a favorite amongst the big guns - Yahoo Finance",neutral,0
PFE,Pfizer Inc. (PFE): One of the Safe Dividend Stocks with Yields Above 5% - Yahoo Finance,neutral,0
PFE,Is Trending Stock Pfizer Inc. (PFE) a Buy Now? - Yahoo Finance,neutral,0
PFE,Pfizer Inc. (PFE): Among Jeff Smith’s Top Activist Targets - Yahoo Finance,neutral,0
PFE,"Pfizer Inc. (PFE): “Dead Money… Close the Casket,” Says Jim Cramer - Yahoo Finance",neutral,0
PFE,Pfizer Inc. (NYSE: PFE) Stock: Can New Drug Pipeline Rescue Tumbling Share Price? - CoinCentral,neutral,0
PFE,Is Pfizer Inc. (PFE) the Most Undervalued Healthcare Stock to Buy According to Analysts? - Yahoo Finance,neutral,0
PFE,Pfizer (PFE) Laps the Stock Market: Here's Why - Yahoo Finance,neutral,0
PFE,Potential Stock Woe Ahead as Pfizer (PFE) Riles Donald Trump - Yahoo Finance,negative,-1
PFE,Investors Heavily Search Pfizer Inc. (PFE): Here is What You Need to Know - Yahoo Finance,neutral,0
PFE,Analysts Estimate Pfizer (PFE) to Report a Decline in Earnings: What to Look Out for - Nasdaq,negative,-1
PFE,"Pfizer (NYSE:PFE) sheds US$13b, company earnings and investor returns have been trending downwards for past three years - Yahoo Finance",negative,-1
PFE,Pfizer: Is The 7.63% Dividend Yield Worth The Effort? (NYSE:PFE) - Seeking Alpha,neutral,0
PFE,Pfizer Inc. (PFE): Among Blue Chip Stocks to Invest in at 52-Week Lows - Yahoo Finance,negative,-1
PFE,Pfizer Earnings Preview: Pharma May Plumb New Depths After Obesity Drug Debacle (NYSE:PFE) - Seeking Alpha,negative,-1
PFE,Here is What to Know Beyond Why Pfizer Inc. (PFE) is a Trending Stock - Yahoo Finance,neutral,0
PFE,Unpacking Q4 Earnings: Pfizer (NYSE:PFE) In The Context Of Other Branded Pharmaceuticals Stocks - Yahoo Finance,neutral,0
PFE,JNJ vs. PFE: Which Drug Giant is a Better Buy Now? - Yahoo Finance,neutral,0
PFE,Bernstein Sticks to Their Hold Rating for Pfizer (PFE) - The Globe and Mail,neutral,0
PFE,Pfizer Inc. (NYSE: PFE) Price Prediction and Forecast 2025-2030 (April 2025) - 24/7 Wall St.,neutral,0
PFE,$PFE stock is up 2% today. Here's what we see in our data. - Nasdaq,positive,1
PFE,"Pfizer, Inc. (PFE) Stock Forecasts - Yahoo Finance",neutral,0
PFE,Pfizer stock slips after dropping weight loss drug (PFE:NYSE) - Seeking Alpha,negative,-1
PFE,"Pfizer (PFE) Price Target Reduced by BofA, Neutral Outlook Maint - GuruFocus",neutral,0
PFE,Trend Tracker for (PFE) - news.stocktradersdaily.com,neutral,0
PFE,Is Pfizer Stock (PFE) Worth Buying After Its Weight Loss Pill Failure? - markets.businessinsider.com,neutral,0
PFE,Pfizer (NYSE:PFE) Involved In Lawsuit Over US$45 Per Share Cerevel Acquisition - Yahoo Finance,negative,-1
PFE,Pfizer: Tasty 7% Yield (NYSE:PFE) - Seeking Alpha,neutral,0
PFE,Pfizer (NYSE:PFE) Collaborates With Guardant Health on Oncology; Declares US$0.43 Dividend,neutral,0
PFE,PFE vs. LLY: Which Stock Should Value Investors Buy Now?,neutral,0
PFE,Are Investors Undervaluing Pfizer (PFE) Right Now?,negative,-1
PFE,Curious about Pfizer (PFE) Q1 Performance? Explore Wall Street Estimates for Key Metrics,neutral,0
PFE,"With 67% institutional ownership, Pfizer Inc. (NYSE:PFE) is a favorite amongst the big guns",neutral,0
PFE,Pfizer (PFE) Stock Sinks As Market Gains: What You Should Know,neutral,0
PLTR,Why Palantir (PLTR) Stock Is Trading Up Today - Yahoo Finance,positive,1
PLTR,Palantir Is A Frontrunner For Trump’s ‘Golden Dome.’ Should You Buy PLTR Stock Now? - Barchart.com,neutral,0
PLTR,"TSLA, PLTR and SMCI Forecast – Major Stocks Quiet in the Premarket Trading of Tuesday - FXEmpire",negative,-1
PLTR,"Mizuho Tells Investors to Unload Palantir (PLTR) Stock, Citing Valuation - Yahoo Finance",negative,-1
PLTR,Why Are Palantir (PLTR) Shares Climbing Today - TradingView,positive,1
PLTR,Is Palantir Technologies Inc. (PLTR) the Best Multibagger Stock to Buy According to Billionaires? - Yahoo Finance,neutral,0
PLTR,Palantir Technologies (PLTR) Stock: Cloud Deal Sends Shares Skyward - CoinCentral,positive,1
PLTR,GOOGL Partners with PLTR to Boost Government AI Adoption Ahead of Q1 Earnings - TipRanks,positive,1
PLTR,Is Palantir Technologies Inc. (PLTR) the Best Stock To Buy According to Marjorie Taylor Greene? - Yahoo Finance,neutral,0
PLTR,Palantir Technologies (NASDAQ: PLTR) Price Prediction and Forecast 2025-2030 for April 21 - 24/7 Wall St.,neutral,0
PLTR,Why Palantir (PLTR) Stock Is Up Today - Yahoo Finance,positive,1
PLTR,Palantir Technologies Inc. (PLTR) Boosts U.S. Defense AI Clout with NATO Deal - Yahoo Finance,positive,1
PLTR,$PLTR stock is up 3% today. Here's what we see in our data. - Nasdaq,positive,1
PLTR,PLTR Quantitative Stock Analysis - Nasdaq,neutral,0
PLTR,Why Are Palantir (PLTR) Shares Climbing Today - Yahoo Finance,positive,1
PLTR,Earnings Growth & Price Strength Make Palantir Technologies Inc. (PLTR) a Stock to Watch - Nasdaq,positive,1
PLTR,Jim Cramer on Palantir Technologies (PLTR): “It’s Back — Don’t You Dare Short This Meme Monster!” - Yahoo Finance,neutral,0
PLTR,"Palantir Technologies (PLTR) Stock: Price Surges, Is The Defense Tech Giant Ready to Bounce Back? - CoinCentral",neutral,0
PLTR,Palantir Stock: The Breakthrough That Changes Everything (NASDAQ:PLTR) - Seeking Alpha,neutral,0
PLTR,Why Palantir (PLTR) Stock is Moving Today - GuruFocus,neutral,0
PLTR,Why Palantir (Nasdaq: PLTR) Is Soaring And What Wall Street Thinks About the Stock - 24/7 Wall St.,neutral,0
PLTR,Palantir Technologies Inc. (PLTR) Stock Dips While Market Gains: Key Facts - Yahoo Finance,negative,-1
PLTR,Palantir (PLTR) Stock Movement Amid US-China Trade Optimism - GuruFocus,neutral,0
PLTR,Palantir Is Teaming Up With Google in Bid to Win More Gov Contracts. How Should You Play PLTR Stock Here? - Barchart.com,neutral,0
PLTR,Palantir Stock (PLTR) Rockets Higher After Nato Selects its AI Warfare Technology to Boost Defense - TipRanks,positive,1
PLTR,Is Palantir (PLTR) Expanding Its Client Base or Cashing In on Loyal Spenders? - Yahoo Finance,positive,1
PLTR,Palantir Technologies (NASDAQ: PLTR) Price Prediction and Forecast 2025-2030 for April 14 - 24/7 Wall St.,neutral,0
PLTR,Why Palantir (PLTR) Stock Is Moving Today - GuruFocus,neutral,0
PLTR,Palantir Technologies Inc. (PLTR) Price Target Trimmed to $90 Amid GenAI Momentum - Yahoo Finance,positive,1
PLTR,Palantir Technologies (PLTR) Stock: AI Darling or Overpriced Tech Bubble? - CoinCentral,neutral,0
PLTR,PLTR Stock Surges on Google Cloud Partnership News - GuruFocus,neutral,0
PLTR,Is Palantir Technologies Inc. (PLTR) the Best Long Term Growth Stock to Buy According to Billionaires? - Yahoo Finance,neutral,0
PLTR,Why Trump’s Tariff Downpour Can Catalyze Palantir Stock (PLTR) - Yahoo Finance,neutral,0
PLTR,June 6th Options Now Available For Palantir Technologies (PLTR) - Nasdaq,neutral,0
PLTR,Palantir Technologies (PLTR) technical analysis - Palantir Technologies (NASDAQ:PLTR) - Benzinga,neutral,0
PLTR,Palantir Technologies (PLTR) – AI Expansion Fuels 100% Stock Surge - Yahoo Finance,positive,1
PLTR,Why Palantir (PLTR) Stock is Moving Today - GuruFocus,neutral,0
PLTR,Is Palantir Technologies (PLTR) the Best Tech Stock to Buy For Long-Term Investment? - Yahoo Finance,neutral,0
PLTR,Will NATO Deal Boost Palantir Stock? Consider PLTR Valuation First - Nasdaq,neutral,0
PLTR,Analyst Explains Why Palantir Technologies (PLTR) Can Reach $100 - Yahoo Finance,neutral,0
PLTR,Why Palantir (PLTR) Stock Is Falling Today - Yahoo Finance,negative,-1
PLTR,Palantir Technologies Inc. (PLTR) Stock Moves -0.67%: What You Should Know - Nasdaq,neutral,0
PLTR,Analysts Think Palantir Technologies (PLTR) is Among the Best Big Data Stocks to Buy - Yahoo Finance,positive,1
PLTR,Palantir (PLTR) Eyes Defense Contract Wins as Analyst Flags Cautious Optimism - Yahoo Finance,positive,1
PLTR,Palantir Just Nailed A Major NATO Win. Should You Buy PLTR Stock Now? - Barchart.com,neutral,0
PLTR,Why Palantir Technologies (PLTR) Went Up on Wednesday - MSN,neutral,0
PLTR,Is Palantir Technologies Inc. (NASDAQ:PLTR) The Best Stock to Buy and Hold for 2 Years? - Yahoo Finance,neutral,0
PLTR,Palantir Stock (PLTR) Gains as Retail Buzz and Government Deals Fuel Investor Frenzy - TipRanks,positive,1
PLTR,Creating A 40% “Dividend” On PLTR Stock Using Options - Barchart.com,neutral,0
PLTR,Palantir Technologies (NASDAQ: PLTR) Price Prediction and Forecast 2025-2030 for April 7 - 24/7 Wall St.,neutral,0
PLTR,Palantir Stock: Understanding The Bull Case (NASDAQ:PLTR) - Seeking Alpha,neutral,0
PLTR,Palantir Technologies (PLTR) Price Prediction and Forecast 2025-2030 For March 31 - 24/7 Wall St.,neutral,0
PLTR,Palantir Technologies (NasdaqGS:PLTR) Expands Government AI Services and Partners with Vatn Systems - Yahoo Finance,positive,1
PLTR,"MSFT, AVGO, or PLTR: Which Tech Stock Is Wall Street’s Most Attractive Pick? - TipRanks",neutral,0
PLTR,Jim Cramer on Palantir Technologies (PLTR): ‘Meme Guys Are Pushing It Up Every Day’,neutral,0
PLTR,Why Palantir (PLTR) Stock Is Trading Up Today,neutral,0
PLTR,Why Palantir Technologies (PLTR) Went Up on Wednesday,neutral,0
RTX,RTX Posted Strong Earnings. Why the Stock Is Tumbling. - Barron's,neutral,0
RTX,Why RTX (RTX) Shares Are Falling Today - Yahoo Finance,negative,-1
RTX,RTX Shares Drop on Potential $850 Million Hit From Trump Tariffs - Bloomberg.com,negative,-1
RTX,"RTX's shares plunge on disappointing sales guidance, tariff worries (RTX:NYSE) - Seeking Alpha",negative,-1
RTX,Director’s Strategic Move: A Significant RTX Stock Purchase - TipRanks,neutral,0
RTX,Here's How RTX Shocked the Market Today (Hint: It's Tariff Related) - The Motley Fool,neutral,0
RTX,RTX Corp. stock underperforms Tuesday when compared to competitors - MarketWatch,negative,-1
RTX,"RTX Q1 Earnings & Sales Beat Estimates, Increase Year Over Year - Zacks Investment Research",positive,1
RTX,Why RTX Corporation (RTX) Crashed on Tuesday - Yahoo Finance,neutral,0
RTX,RTX Corporation (RTX): One of the Top Defense Stock Picks from the Goldman Sachs Portfolio - Yahoo Finance,neutral,0
RTX,RTX Earnings: A Bleak Outlook Slams RTX Stock Today - TipRanks,negative,-1
RTX,"Lockheed Martin, RTX Earnings Views; Northrop Grumman Misses - Investor's Business Daily",neutral,0
RTX,What’s Happening With RTX Stock? - Forbes,neutral,0
RTX,$RTX stock is up 6% today. Here's what we see in our data. - Nasdaq,positive,1
RTX,"RTX cautions $850 million hit from Trump's tariffs over 2025, shares fall - Reuters",negative,-1
RTX,"Earnings call transcript: RTX Q1 2025 earnings beat expectations, stock drops - Investing.com",neutral,0
RTX,Here's How RTX Shocked the Market Today (Hint: It's Tariff Related) - Yahoo Finance,neutral,0
RTX,"Tesla, Boeing, Northrop, RTX, 3M, GE Aerospace, Lockheed, Verizon, First Solar, and More Movers - Barron's",neutral,0
RTX,RTX Stock Still A Buy After Tariff Sell-Off (NYSE:RTX) - Seeking Alpha,neutral,0
RTX,"RTX's $850M tariff hit, 3M stock gains, 3,521% solar tariff - Yahoo Finance",positive,1
RTX,"Lockheed, RTX Stocks Are Rising on Post-Earnings Upgrades - Barron's",positive,1
RTX,RTX vs. Lockheed Martin: Which Defense Stock to Consider in 2025? - Yahoo Finance,neutral,0
RTX,Here's Why RTX (RTX) is a Strong Value Stock - Yahoo Finance,neutral,0
RTX,"Why RTX Delivers Growth, Value, and Counteroffense in the Turbulent Trump Era - Yahoo Finance",neutral,0
RTX,Defense stocks sink as RTX warns of $850 million hit from tariffs - qz.com,negative,-1
RTX,RTX Co. (NYSE:RTX) Shares Purchased by J. Stern & Co. LLP - MarketBeat,neutral,0
RTX,RTX Co. (NYSE:RTX) Shares Purchased by MGO One Seven LLC - MarketBeat,neutral,0
RTX,Defense Stocks Tumble After RTX Warns of Tariff Hit - WSJ,negative,-1
RTX,RTX (NYSE:RTX) Stock Price Up 0.2% After Analyst Upgrade - MarketBeat,positive,1
RTX,RTX Posts Better-Than-Expected Earnings. Why the Stock Is Tumbling. - Barron's,neutral,0
RTX,RTX Q1 Earnings Call: Tariff Risks and Solid Execution Shape Outlook - Yahoo Finance,positive,1
RTX,"Top Analyst Reports for Coca-Cola, Abbott & RTX - Yahoo Finance",neutral,0
RTX,Here's Why RTX (RTX) is a Strong Value Stock - Nasdaq,neutral,0
RTX,RTX May Bag a $4.2 Billion Big-Blimp Bonanza - The Motley Fool,neutral,0
RTX,RTX Braces for $850 Million Tariff Hit; Stock Slides - WSJ,negative,-1
RTX,Where to buy RTX 5060 Ti GPU — live updates and stock checker - Tom's Guide,neutral,0
RTX,The Nvidia GeForce RTX 5070 Ti Graphics Card Is in Stock on Amazon (for Prime Members) - IGN,neutral,0
RTX,RTX's Advanced Missile Defense Radar Secures Full Production Approval as Global Demand Surges - Stock Titan,positive,1
RTX,RTX Stock Drops Despite Strong Q1 Earnings Report - Evrim Ağacı,negative,-1
RTX,Why RTX (RTX) Shares Are Falling Today - The Globe and Mail,negative,-1
RTX,RTX Corporation (RTX) Stock: Strong Q125 Growth Overshadowed by Tariff Fears - CoinCentral,positive,1
RTX,RTX Co. (NYSE:RTX) Stock Position Raised by MML Investors Services LLC - MarketBeat,neutral,0
RTX,RTX Faces Tariff Concerns Despite Strong Earnings Report | RTX Stock News - GuruFocus,negative,-1
RTX,Insider Buying: RTX Co. (NYSE:RTX) Director Purchases 200 Shares of Stock - MarketBeat,neutral,0
RTX,RTX (RTX): BofA Adjusts Price Target Amid Tariff Concerns | RTX Stock News - GuruFocus,negative,-1
RTX,RTX Co. (NYSE:RTX) Shares Bought by Tower Research Capital LLC TRC - MarketBeat,neutral,0
RTX,RTX upgraded at Morgan Stanley as compelling buying opportunity (RTX:NYSE) - Seeking Alpha,positive,1
RTX,Time To Buy RTX Stock At $125? - Trefis,neutral,0
RTX,Jim Cramer Says RTX Corporation (RTX) Is the Best of the Defense Stocks - Yahoo Finance,neutral,0
RTX,RTX (NYSE:RTX) Stock Surges 10% Over Last Week - Yahoo Finance,positive,1
RTX,"RTX (NYSE:RTX) Stock Price Expected to Rise, UBS Group Analyst Says - MarketBeat",positive,1
RTX,RTX Corporation's Dip Is An Opportunity (NYSE:RTX) - Seeking Alpha,neutral,0
RTX,Susquehanna Has Lowered Expectations for RTX (NYSE:RTX) Stock Price - MarketBeat,negative,-1
RTX,RTX Stock Gains Wall Street Support Amid Tariff Concerns And Strong Q1 Earnings - gondwanauniversity.org,positive,1
RTX,RTX Corporation Q1: This Business Can Tackle Tariffs Head-On And Thrive (NYSE:RTX) - Seeking Alpha,positive,1
RTX,Why RTX (RTX) is a Top Growth Stock for the Long-Term - Yahoo Finance,neutral,0
RTX,UBS Boosts Price Target for RTX (RTX) amid Market Fluctuations | RTX Stock News - GuruFocus,positive,1
RTX,RTX Corporation (RTX): One of the Top Defense Stock Picks from the Goldman Sachs Portfolio - Yahoo,neutral,0
RTX,RTX Stock Upgraded by Morgan Stanley Amid Tariff Concerns - GuruFocus,negative,-1
RTX,"RTX Q1 Earnings & Sales Beat Estimates, Increase Year Over Year - Yahoo Finance",positive,1
RTX,RTX First Quarter 2025 Earnings: Beats Expectations - simplywall.st,neutral,0
RTX,Think Twice Before Buying Into RTX Corp.'s Q1 Earnings Dip (Rating Downgrade) (NYSE:RTX) - Seeking Alpha,neutral,0
RTX,Is RTX Corporation (RTX) Stock Outpacing Its Aerospace Peers This Year? - Yahoo Finance,neutral,0
RTX,UBS raises RTX Corp. stock price target to $138 from $133 - Investing.com Nigeria,positive,1
RTX,Should You Add RTX Stock to Your Portfolio Pre-Q1 Earnings Release? - Nasdaq,neutral,0
RTX,RTX Stock Declines on Tariff Impact Concerns - GuruFocus,negative,-1
RTX,RTX Stock Drops Despite Q1 Beats: Investors Wary Over 2025 Outlook - gondwanauniversity.org,negative,-1
RTX,"SA analyst downgrades: TSLA, NFLX, VZ, CSCO, AVGO, TSM, CRWD, RTX - Seeking Alpha",negative,-1
RTX,Royal Bank of Canada Lowers RTX (NYSE:RTX) Price Target to $140.00 - MarketBeat,negative,-1
RTX,RTX (RTX) Surpasses Q1 Revenue Expectations with Strong Organic Growth | RTX Stock News - GuruFocus,positive,1
RTX,RTX Stock Slips as Sales Guidance Disappoints and Tariff Effects Loom - GuruFocus,negative,-1
RTX,Time To Buy RTX Stock At $125? - Nasdaq,neutral,0
RTX,Howmet vs. RTX: Which Aerospace & Defense Stock Should You Bet On? - Yahoo Finance,neutral,0
RTX,RTX Reports Q1 2025 Results | RTX Stock News - GuruFocus,neutral,0
RTX,"The Zacks Analyst Blog Highlights Coca-Cola, Abbott Laboratories, RTX, Investors Title and Armanino Foods of Distinction - TradingView",neutral,0
RTX,RTX Co. (NYSE:RTX) Shares Sold by Edgar Lomax Co. VA - MarketBeat,neutral,0
RTX,RTX Co. (NYSE:RTX) Shares Bought by Capital International Inc. CA - MarketBeat,neutral,0
RTX,RTX Corporation 2025 Q1 - Results - Earnings Call Presentation (NYSE:RTX) - Seeking Alpha,neutral,0
RTX,RTX Corporation (RTX): One of the Top Defense Stock Picks from the Goldman Sachs Portfolio - Insider Monkey,neutral,0
RTX,OneDigital Investment Advisors LLC Has $3.76 Million Stock Position in RTX Co. (NYSE:RTX) - MarketBeat,neutral,0
RTX,Here's Why RTX (RTX) is a Strong Growth Stock - Yahoo Finance,neutral,0
RTX,Curi RMB Capital LLC Raises Stock Position in RTX Co. (NYSE:RTX) - MarketBeat,positive,1
RTX,RTX (NYSE:RTX) Shares Gap Down - Time to Sell? - MarketBeat,neutral,0
RTX,"Guggenheim Capital LLC Sells 13,324 Shares of RTX Co. (NYSE:RTX) - MarketBeat",neutral,0
RTX,RTX Co. (NYSE:RTX) Shares Acquired by CANADA LIFE ASSURANCE Co - MarketBeat,neutral,0
RTX,"Sharpepoint LLC Acquires Shares of 8,863 RTX Co. (NYSE:RTX) - MarketBeat",neutral,0
RTX,Rep. Bruce Westerman Buys RTX Co. (NYSE:RTX) Stock - MarketBeat,neutral,0
RTX,"RTX's shares slip on disappointing sales guidance, tariff worries - MSN",negative,-1
RTX,"Forum Financial Management LP Purchases 5,596 Shares of RTX Co. (NYSE:RTX) - MarketBeat",neutral,0
RTX,RTX Corp. stock underperforms Tuesday when compared to competitors - MSN,negative,-1
RTX,RTX Co. (NYSE:RTX) Shares Sold by Adage Capital Partners GP L.L.C. - MarketBeat,neutral,0
RTX,RTX preview: Analysts bullish ahead of Q1 earnings despite tariff headwinds (RTX:NYSE) - Seeking Alpha,positive,1
RTX,Why RTX Corporation (RTX) Crashed on Tuesday - MSN,neutral,0
RTX,"GeoWealth Management LLC Purchases 2,037 Shares of RTX Co. (NYSE:RTX) - MarketBeat",neutral,0
RTX,"Mid-Week Stock Watch: Tesla, RTX, NOC, and More - Baystreet.ca",neutral,0
RTX,RTX or EADSY: Which Is the Better Value Stock Right Now? - Yahoo Finance,neutral,0
RTX,RTX Corporation Just Recorded A 7.1% EPS Beat: Here's What Analysts Are Forecasting Next,neutral,0
RTX,"Why RTX Delivers Growth, Value, and Counteroffense in the Turbulent Trump Era",neutral,0
RTX,Jim Cramer Still Likes RTX Corp (RTX): “Market Overreacted to Tariff Guidance”,negative,-1
RTX,RTX Q1 Earnings Call: Tariff Risks and Solid Execution Shape Outlook,positive,1
RTX,Why RTX Corporation (RTX) Crashed on Tuesday,neutral,0
RTX,Here's Why RTX (RTX) is a Strong Value Stock,neutral,0
RTX,RTX Corp (RTX) Q1 2025 Earnings Call Highlights: Strong Growth Amidst Global Challenges,positive,1
RTX,Q1 2025 RTX Corp Earnings Call,neutral,0
RTX,RTX Corporation (RTX): One of the Top Defense Stock Picks from the Goldman Sachs Portfolio,positive,1
RTX,"Lockheed Martin, RTX Earnings Views; Northrop Grumman Misses",neutral,0
RTX,"RTX, Northrop Grumman, Halliburton, BP: Trending Tickers",neutral,0
RTX,Why RTX (RTX) Shares Are Falling Today,negative,-1
RTX,Here's How RTX Shocked the Market Today (Hint: It's Tariff Related),neutral,0
RTX,"RTX Q1 Earnings & Sales Beat Estimates, Increase Year Over Year",positive,1
RTX,Defense stocks sink as RTX warns of $850 million hit from tariffs,negative,-1
RTX,"RTX's $850M tariff hit, 3M stock gains, 3,521% solar tariff",positive,1
SRAD,Sportradar Group AG (SRAD): Among the Tech Stocks That Are Up the Most So Far in 2025 - Yahoo Finance,positive,1
SRAD,Sportradar Group (NASDAQ:SRAD) Hits New 12-Month High - Here's What Happened - MarketBeat,neutral,0
SRAD,Why Sportradar Group AG (SRAD) Lagged Performance on Wednesday - MSN,negative,-1
SRAD,The Bet Paid Off: Sportradar Nears IPO Highs (NASDAQ:SRAD) - Seeking Alpha,positive,1
SRAD,"BofA Upgrades Sportradar (SRAD) to Buy, Raises Price Target to $28 | SRAD Stock News - GuruFocus",neutral,0
SRAD,Sportradar Group (NASDAQ:SRAD) Shares Gap Up - Here's Why - MarketBeat,neutral,0
SRAD,Sportradar rallies after BofA flips from being a bear to being a bull on the sports data stock (SRAD:NASDAQ) - Seeking Alpha,neutral,0
SRAD,Sportradar Group AG (NASDAQ:SRAD) Sees Significant Growth in Short Interest - MarketBeat,positive,1
SRAD,Sportradar Group AG (SRAD) – The Hidden Gem in Sports Betting Tech - Yahoo Finance,neutral,0
SRAD,"Greenhouse Funds LLLP Acquires 193,962 Shares of Sportradar Group AG (NASDAQ:SRAD) - MarketBeat",neutral,0
SRAD,"Sportradar Group (NASDAQ:SRAD) Raised to ""Buy"" at Bank of America - MarketBeat",neutral,0
SRAD,"Sportradar (SRAD) Receives Double Upgrade, Shares Climb - GuruFocus",positive,1
SRAD,Sportradar (SRAD) Files for Automatic Class A Shares Offering - GuruFocus,neutral,0
SRAD,"63,439 Shares in Sportradar Group AG (NASDAQ:SRAD) Acquired by Russell Investments Group Ltd. - MarketBeat",neutral,0
SRAD,"Jim Cramer on Sportradar (SRAD): “A Very Interesting, Intriguing Stock” - Yahoo",neutral,0
SRAD,Sportradar Group (NASDAQ:SRAD) Price Target Raised to $32.00 at Canaccord Genuity Group - MarketBeat,positive,1
SRAD,Looking for tariff-resistant stocks? Think sports technology names (SRAD:NASDAQ) - Seeking Alpha,neutral,0
SRAD,Benchmark Forecasts Strong Price Appreciation for Sportradar Group (NASDAQ:SRAD) Stock - MarketBeat,positive,1
SRAD,BTIG Initiates Coverage of Sportradar Group (SRAD) with Buy Recommendation - Nasdaq,neutral,0
SRAD,Marshall Wace LLP Cuts Stake in Sportradar Group AG (NASDAQ:SRAD) - MarketBeat,negative,-1
SRAD,Guggenheim Reaffirms Buy Rating for Sportradar Group (NASDAQ:SRAD) - MarketBeat,neutral,0
SRAD,"Renaissance Technologies LLC Buys 169,010 Shares of Sportradar Group AG (NASDAQ:SRAD) - MarketBeat",neutral,0
SRAD,When (SRAD) Moves Investors should Listen - news.stocktradersdaily.com,neutral,0
SRAD,Analysts Offer Insights on Technology Companies: Lyft (LYFT) and Sportradar Group AG (SRAD) - The Globe and Mail,neutral,0
SRAD,"Jim Cramer on Sportradar (SRAD): “A Very Interesting, Intriguing Stock” - Insider Monkey",neutral,0
SRAD,New Analyst Forecast: $SRAD Given 'Buy' Rating - Nasdaq,neutral,0
SRAD,Sportradar Group (NASDAQ:SRAD) Sets New 12-Month High - Here's Why - MarketBeat,positive,1
SRAD,Morgan Stanley Forecasts Strong Price Appreciation for Sportradar Group (NASDAQ:SRAD) Stock - MarketBeat,positive,1
SRAD,"125,160 Shares in Sportradar Group AG (NASDAQ:SRAD) Acquired by 1492 Capital Management LLC - MarketBeat",neutral,0
SRAD,"Sportradar Group (NASDAQ:SRAD) Stock Price Expected to Rise, Morgan Stanley Analyst Says - MarketBeat",positive,1
SRAD,Portolan Capital Management LLC Reduces Stake in Sportradar Group AG (NASDAQ:SRAD) - MarketBeat,neutral,0
SRAD,UBS Group Boosts Sportradar Group (NASDAQ:SRAD) Price Target to $29.00 - MarketBeat,positive,1
SRAD,"Sportradar Group's (SRAD) ""Buy"" Rating Reaffirmed at Needham & Company LLC - MarketBeat",neutral,0
SRAD,Sportradar Group (NASDAQ:SRAD) Shares Gap Up - Time to Buy? - MarketBeat,neutral,0
SRAD,Arrowstreet Capital Limited Partnership Grows Stake in Sportradar Group AG (NASDAQ:SRAD) - MarketBeat,neutral,0
SRAD,"479,738 Shares in Sportradar Group AG (NASDAQ:SRAD) Acquired by Nixon Capital LLC - MarketBeat",neutral,0
SRAD,Sportradar Group AG (SRAD) – The Hidden Gem in Sports Betting Tech - Insider Monkey,neutral,0
SRAD,Sportradar Group (NASDAQ:SRAD) Earns Buy Rating from Analysts at BTIG Research - MarketBeat,positive,1
SRAD,Why Sportradar Group AG (SRAD) Lagged Performance on Wednesday,negative,-1
SRAD,Sportradar Group AG (SRAD): Among the Tech Stocks That Are Up the Most So Far in 2025,positive,1
SRAD,YETI vs. SRAD: Which Stock Should Value Investors Buy Now?,neutral,0
SRAD,Sportradar Group AG (SRAD) – The Hidden Gem in Sports Betting Tech,neutral,0
SRAD,"Jim Cramer on Sportradar (SRAD): “A Very Interesting, Intriguing Stock”",neutral,0
TSLA,"The Tesla (TSLA) dilemma: company is cooked with Musk, but stock crashes without him - electrek.co",neutral,0
TSLA,Tesla Stock (TSLA) Turbocharged as U.S. Makes Self Driving Rule Changes to Race Past China - TipRanks,neutral,0
TSLA,"Tesla Missed Earnings By 34%, Yet The Stock Is Rallying: Why? (NASDAQ:TSLA) - Seeking Alpha",neutral,0
TSLA,Investment Bank Says TSLA Stock Is Attractive for Long-Term Investors - Yahoo Finance,positive,1
TSLA,Tesla (TSLA) stock surges on Elon’s lies despite disastrous earnings - electrek.co,positive,1
TSLA,Famous Tesla Investor Warns It Would Be ‘Foolish’ to Ignore This Key Argument for TSLA Stock - Barchart.com,neutral,0
TSLA,"Tesla’s (TSLA) High Margins Make It Attractive, Longtime Stock Picker Says - Yahoo Finance",positive,1
TSLA,"Renowned Analyst Is More Bullish on Tesla (TSLA) Stock, But It Will Likely Be Ejected From Momentum ETF - Yahoo Finance",negative,-1
TSLA,"Tesla (TSLA) Stock Can Slump to $170 “in Weeks,” Technical Analyst Says - Yahoo Finance",negative,-1
TSLA,Wharton Professor Says ‘Radioactive’ Elon Musk is ‘Damaging’ to Tesla (TSLA) Brand and Company - Yahoo Finance,negative,-1
TSLA,Tesla (TSLA) Q1 2025 earnings: What to expect - Teslarati,neutral,0
TSLA,Are Short Sellers About To Get Burned By Tesla (Nasdaq: TSLA) Stock - 24/7 Wall St.,neutral,0
TSLA,Trump’s Tariffs Threaten Tesla’s Semi and Cybercab. How Should You Play TSLA Stock Here? - Barchart.com,neutral,0
TSLA,This Is What Tesla’s (TSLA) Cheaper EV Might Look Like - The Globe and Mail,neutral,0
TSLA,"Jim Cramer Urges Tesla, Inc. (TSLA) to ‘Bring on the Humanoids’ - Yahoo Finance",neutral,0
TSLA,Why Tesla (TSLA) Stock Is Trading Lower Today - Yahoo Finance,negative,-1
TSLA,Tesla Inc. (TSLA) Stock: Trump Administration Framework Boosts Robotaxi Plans - CoinCentral,positive,1
TSLA,"TSLA Stock Faces Zero Growth, Even if Tesla Earnings Match Forecasts - markets.businessinsider.com",neutral,0
TSLA,Tesla Stock (TSLA) Trashed as Chinese Battery Rival Leaves it in the Charging Slow Lane - TipRanks,negative,-1
TSLA,Tesla faces crucial test as Q1 earnings loom: Will the TSLA stock be a buy before April 22? Here’s what an - The Economic Times,neutral,0
TSLA,Tesla Q1 Preview: Expecting Near Record Revenues (NASDAQ:TSLA) - Seeking Alpha,positive,1
TSLA,Why Tesla (TSLA) Stock Is Trading Up Today - The Globe and Mail,positive,1
TSLA,"Is Tesla, Inc. (TSLA) the Best Nancy Pelosi Stock to Invest In Now? - Yahoo Finance",neutral,0
TSLA,"TSLA, PLTR and SMCI Forecast – Major Stocks Quiet in the Premarket Trading of Tuesday - FXEmpire",negative,-1
TSLA,"AAPL, NVDA, TSLA: China Denies It Has Entered Trade Talks with U.S. - The Globe and Mail",neutral,0
TSLA,Tesla Stock TSLA Surges Over 9% to Highest Since April 2nd: Trading Analysis and Price Momentum - Blockchain News,positive,1
TSLA,Is Tesla (TSLA) the Most Promising Long-Term Stock According to Analysts? - Yahoo Finance,neutral,0
TSLA,Tesla (NASDAQ: TSLA) Stock Price Prediction and Forecast 2025-2030 (April 24) - 24/7 Wall St.,neutral,0
TSLA,Tesla Earnings Preview: Will TSLA Snap Its Losing Streak? - tastylive,neutral,0
TSLA,"Tesla (NASDAQ: TSLA) Bull, Base, & Bear Price Prediction and Forecast - 24/7 Wall St.",neutral,0
TSLA,$TSLA stock is up 4% today. Here's what we see in our data. - Nasdaq,positive,1
TSLA,Are Short Sellers About To Get Burned By Tesla (Nasdaq: TSLA) Stock - AOL.com,neutral,0
TSLA,Tesla Stock Races Higher Ahead Of Earnings Today: What's Going On? - Tesla (NASDAQ:TSLA) - Benzinga,neutral,0
TSLA,Analysts Slash Tesla Stock (TSLA) Forecast after Horrendous Q1 Miss and Tariff Risks - TipRanks,negative,-1
TSLA,Tesla Stock (TSLA) Rally Continues as Investors Overlook Disastrous Q1 Earnings - TipRanks,negative,-1
TSLA,Should You Rush To Buy TSLA Stock As Musk Vows To Prioritize Tesla Over DOGE? - Barchart.com,neutral,0
TSLA,Analysts See Long-Term Growth for Tesla Stock (TSLA) despite Price Target Cuts - TipRanks,positive,1
TSLA,"Biggest stock movers Monday: TSLA, NFLX, AMZN, and more (TSLA:NASDAQ) - Seeking Alpha",neutral,0
TSLA,TSLA Earnings: Tesla’s Financial Results Disappoint as Automotive Sales Decline 20% - markets.businessinsider.com,negative,-1
TSLA,Tesla Stock (TSLA) Pops as Musk Promises to Cut D.C. Time and Refocus on the Company’s Future - TipRanks,negative,-1
TSLA,"Tesla (TSLA) Stock Can Slump to $170 “in Weeks,” Technical Analyst Says - MSN",negative,-1
TSLA,"Tesla’s Troubles Mount Ahead Of Q1 Print. Is TSLA Stock A Buy, Sell, Or Hold? - Barchart.com",neutral,0
TSLA,"TSLA Is Facing a “Code Red Situation,” Bank Warns - Yahoo Finance",negative,-1
TSLA,Tesla Stock (TSLA) Slammed with Another Sell Rating Before Q1 Earnings Reveal - TipRanks,negative,-1
TSLA,Tesla Stock (TSLA) Forms Ominous ‘Death Cross’ - TipRanks,neutral,0
TSLA,"Biggest stock movers Wednesday: TSLA, BA, ENPH, crypto stocks, and more (BMY:NYSE) - Seeking Alpha",neutral,0
TSLA,"After-Hours Earnings Report for April 22, 2025 : TSLA, ISRG, CB, COF, BKR, EQT, STLD, PKG, SAP, EWBC, MANH, ADC - Nasdaq",neutral,0
TSLA,"Tesla (TSLA) Needs a ‘Good Narrative to Boost Its Stock,’ Says Analyst - TipRanks",positive,1
TSLA,Why Tesla (TSLA) Stock Is Trading Up Today,neutral,0
TSLA,Tesla (NasdaqGS:TSLA) Superchargers Now Accessible To Kia EV Owners For Enhanced Charging Connectivity,neutral,0
TSLA,Tesla (TSLA) Shares Jump After U.S. Loosens Self-Driving Car Rules,negative,-1
UUUU,UUUU Stock Declines 28% YTD: Buying Opportunity or Red Flag? - Yahoo Finance,negative,-1
UUUU,Energy Fuels (UUUU) Stock Sinks As Market Gains: What You Should Know - Nasdaq,negative,-1
UUUU,Energy Fuels Punts And Pushes Out The Goalpost (NYSE:UUUU) - Seeking Alpha,neutral,0
UUUU,(UUUU) Investment Analysis - news.stocktradersdaily.com,neutral,0
UUUU,Energy Fuels Inc. (UUUU): Among the Best Uranium Stocks to Invest in According to Analysts - Insider Monkey,positive,1
UUUU,Why Energy Fuels Inc. (UUUU) Stock is Gaining This Week - Yahoo Finance,neutral,0
UUUU,$UUUU stock is up 11% today. Here's what we see in our data. - Nasdaq,positive,1
UUUU,Energy Fuels Inc. (UUUU): Among the Best Uranium Stocks to Invest in According to Analysts - Yahoo,positive,1
UUUU,UUUU Vs CCJ: Which Uranium Stock is a Better Bet Amid a Market Slump? - Yahoo Finance,neutral,0
UUUU,Energy Fuels Inc. (UUUU): A Bull Case Theory - Yahoo Finance,neutral,0
UUUU,Should You Invest in Energy Fuels (UUUU) Based on Bullish Wall Street Views? - Yahoo Finance,neutral,0
UUUU,Energy Fuels (NYSEAMERICAN:UUUU) Sets New 12-Month Low - Here's What Happened - MarketBeat,neutral,0
UUUU,Why Energy Fuels Inc. (UUUU) Stock is Gaining This Week - MSN,neutral,0
UUUU,Bridgewater Associates LP Lowers Holdings in Energy Fuels Inc. (NYSEAMERICAN:UUUU) - MarketBeat,negative,-1
UUUU,Energy Fuels (NYSEAMERICAN:UUUU) Shares Gap Up - Should You Buy? - MarketBeat,neutral,0
UUUU,Energy Fuels (NYSEAMERICAN:UUUU) Shares Gap Up - What's Next? - MarketBeat,positive,1
UUUU,Energy Fuels (NYSEAMERICAN:UUUU) Hits New 1-Year Low - Should You Sell? - MarketBeat,positive,1
UUUU,Wall Street Analysts See Energy Fuels (UUUU) as a Buy: Should You Invest? - Yahoo Finance,neutral,0
UUUU,Energy Fuels Sees Unusually High Options Volume (NYSEAMERICAN:UUUU) - MarketBeat,positive,1
UUUU,Energy Fuels (NYSEAMERICAN:UUUU) Shares Gap Up - What's Next? - MarketBeat,positive,1
UUUU,Wall Street Analysts See Energy Fuels (UUUU) as a Buy: Should You Invest? - MSN,neutral,0
UUUU,Energy Fuels Inc. (UUUU): A Bull Case Theory - Insider Monkey,neutral,0
UUUU,Energy Fuels Inc. (UUUU): A Bull Case Theory - MSN,neutral,0
UUUU,"Noteworthy Thursday Option Activity: TTD, UUUU, TJX - Nasdaq",neutral,0
UUUU,"943,563 Shares in Energy Fuels Inc. (NYSEAMERICAN:UUUU) Bought by Summit Financial LLC - MarketBeat",neutral,0
UUUU,(UUUU) Long Term Investment Analysis - news.stocktradersdaily.com,neutral,0
UUUU,Energy Fuels Inc. (UUUU): Among the Best Uranium Stocks to Invest in According to Analysts,positive,1
UUUU,Why Energy Fuels Inc. (UUUU) Stock is Gaining This Week,neutral,0
UUUU,Energy Fuels Inc. (UUUU): A Bull Case Theory,neutral,0
UUUU,UUUU Stock Declines 28% YTD: Buying Opportunity or Red Flag?,neutral,0
UUUU,Wall Street Analysts See Energy Fuels (UUUU) as a Buy: Should You Invest?,neutral,0
UUUU,Energy Fuels (UUUU) Flat As Market Sinks: What You Should Know,neutral,0
UUUU,UUUU Vs CCJ: Which Uranium Stock is a Better Bet Amid a Market Slump?,neutral,0
UUUU,Energy Fuels (UUUU) Stock Sinks As Market Gains: What You Should Know,neutral,0
UUUU,Should You Invest in Energy Fuels (UUUU) Based on Bullish Wall Street Views?,neutral,0
